{"VXyCnYuNF1TJ74F8Ogedfw==":"photo_2022-05-20_16-06-33-121x121.jpg","offDft/FydBCEozU3mxJBA==":"slide1-720x1040.jpg","vIwYDI09VB8U67bVHMUtGg==":"slide1-720x1040.jpeg","RZzCdXPBrvClZ380GsoqNQ==":"slide1-1-720x1040.jpg","xnnzXVyO17k/uKruVZkn8w==":"slide1-2-720x1040.jpg","EvJDXMDZkoJdwTJm1KzEdg==":"2.slogan%20of%20qoovee%20trading%20platform%20_we%20are%20building%20the%20great%20online%20silk%20road_.pptx%20(1).pdf-1-1125x1625.jpg","Bny1Xx+SDBEPm9c+sDvxcQ==":"3.slogan%20of%20qoovee%20trading%20platform%20_bringing%20business%20and%20countries%20together_.pptx.pdf-1-1125x1625.jpg"}