{"VXyCnYuNF1TJ74F8Ogedfw==":"photo_2022-05-20_16-06-33-121x121.jpg","offDft/FydBCEozU3mxJBA==":"slide1-720x1040.jpg","vIwYDI09VB8U67bVHMUtGg==":"slide1-720x1040.jpeg","RZzCdXPBrvClZ380GsoqNQ==":"slide1-1-720x1040.jpg","xnnzXVyO17k/uKruVZkn8w==":"slide1-2-720x1040.jpg","EvJDXMDZkoJdwTJm1KzEdg==":"2.slogan%20of%20qoovee%20trading%20platform%20_we%20are%20building%20the%20great%20online%20silk%20road_.pptx%20(1).pdf-1-1125x1625.jpg","Bny1Xx+SDBEPm9c+sDvxcQ==":"3.slogan%20of%20qoovee%20trading%20platform%20_bringing%20business%20and%20countries%20together_.pptx.pdf-1-1125x1625.jpg","UMFaf+qnADRxqEoFwMsy/w==":"4.qoovee%20trading%20platform%20user%20interface.pptx.pdf-1-1125x1625.jpg","vMiBVW9NLw+NdEeK+JUOGg==":"5.qoovee%20trading%20platform%20user%20experience.pptx.pdf-1-1125x1625.jpg","Gs6ciqw6Po7bUillGVOpQQ==":"6.module%20assembly%20of%20the%20site%20https_%20__www.qoovee.com.pptx.pdf-1-1125x1625.jpg","9uMPSEGkQsMUmSFcFxGC9A==":"7.qoovee%20trading%20web-platform%20database.pptx.pdf-1-1125x1625.jpg","GCv9kBSg4u1VhudTRobOcA==":"8.qoovee%20trading%20web-platform%20customer%20list.pptx.pdf-1-1125x1625.jpg","naCNLktzGy6lz0tYHOOx7A==":"9.%20supplier%20database.pptx.pdf-1-1125x1625.jpg","gbYsIkXzBdkhtc7y7WdYFA==":"10.qoovee%20trading%20web-platform%20wholesale%20buyers%20list.pptx.pdf-1-1125x1625.jpg","YGxCshVeiYn1MRbUnB1N4g==":"11.qoovee%20trading%20platform%20email%20addresses%20of%20customers%20_%20partners.pptx.pdf-1-1125x1625.jpg","8TfOE8SnEvyD6S3Qi9uwog==":"12.qoovee%20trading%20web-platform%20access%20passwords%20of%20the%20website.pptx.pdf-1-1125x1625.jpg","IT4kGkZ8dRnE13Dh6WhJLQ==":"13.content%20of%20site%20https___www.qoovee.com.pptx%20(1).pdf-1-1125x1625.jpg","o/iLQKffCaM5x2dRNr0o9w==":"14.qoovee%20trading%20web-platform%20tenders%20and%20procurement%20database.pptx.pdf-1-1125x1625.jpg","Bg6//qNvKW1kaqUHdwRvaQ==":"15.qoovee%20trading%20web-platform%20products%20database.pptx.pdf-1-1125x1625.jpg","MYIeUrUc4zauhrV3nvHpFg==":"16.qoovee%20corporate%20social%20media%20profile%20on%20facebook.pptx.pdf-1-1125x1625.jpg","uyzpS1MFcYrBjgrsl7u62Q==":"17.qoovee%20corporate%20social%20media%20profile%20on%20linkedin.pptx.pdf-1-1125x1625.jpg","T9YTO2DyzldG6d55/5BOcg==":"18.qoovee%20corporate%20social%20media%20account%20on%20telegram.pptx.pdf-1-1125x1625.jpg","qUDpOXr68xA5xufV/573LQ==":"19.qoovee%20corporate%20social%20media%20profile%20on%20instagram.pptx.pdf-1-1125x1625.jpg","sDMdGfbxhUmjvIId1RS1kw==":"20.qoovee%20corporate%20social%20media%20profile%20on%20youtube.pptx.pdf-1-1125x1625.jpg","G00ND1R5apcs7sjsesCvUg==":"21.%20online%20b2b%20trading%20platform%20for%20suppliers%20and%20buyers%20of%20wholesale%20goods%20and%20business%20services.pptx%20(1).pdf-1-1125x1625.jpg","f4T7UHu0elaFly40GgUtKg==":"22.%20concept%20of%20qoovee%20logistic%20web-platform.pptx%20(1).pdf-1-1125x1625.jpg","3CEhFepmD/Mk9kqd/CMnKQ==":"23.%20concept%20of%20qoovee%20affiliate%20web-platform.pptx.pdf-1-1125x1625.jpg","OUI5SAJzStxsXIE4Mrhnaw==":"24.%20qoovee%20trading%20platform%20internal%20it-solutions%20_%20programs.pptx.pdf-1-1125x1625.jpg","3WEHdTlJABL/2BusYrYhcw==":"25.%20qoovee%20trading%20platform%20crm%20solution.pptx.pdf-1-1125x1625.jpg","SD7GtJ1BFDeE9TPQpzB9wQ==":"26.%20qoovee%20trading%20platform%20analytics%20and%20study%20results.pptx.pdf-1-1125x1625.jpg","9ZOxqpVQJudm1lF4y3/Qow==":"27.%20qoovee%20trading%20platform%20seo%20system%20and%20solutions.pptx.pdf-1-1125x1625.jpg","7sKwVa4B3BHirZjwJwgvsQ==":"28.%20qoovee%20platform%20access%20details%20to%20corporate%20email,%20social%20media%20accounts,%20etc..pptx.pdf-1-1125x1625.jpg","YCTa7aYIjuiPTU6uWfWLog==":"29.%20qoovee%20trading%20web-platform%20educational%20materials%20for%20users.pptx.pdf-1-1125x1625.jpg"}