{"rXBZPoVpNWc52L1icN1LwA==":"lr-logo-80x58.png","5nLjVNp5VsKvnnKW2q9RRA==":"lr_symbol-80x80.png","9DufZQpYqSQoHHpM0vIRcA==":"screen%20shot%202022-03-30%20at%2007.50.33-1076x725.png","axrFu+oDTtLJKEg7ZFVuGg==":"screen%20shot%202022-03-30%20at%2008.32.54-900x601.png","xtsiK1VHQ9hJ+8TJnPlnJw==":"screen%20shot%202022-03-30%20at%2008.35.26-900x606.png","nc2KU9r97jpS90NZZT68Fw==":"screen%20shot%202022-03-30%20at%2008.45.52-900x615.png","XA4eHV38FYRikMv9jXAwQg==":"screen%20shot%202022-03-30%20at%2012.32.18-900x504.png","qQC86eG1xHQE6ydSdK7BtA==":"screen%20shot%202022-04-10%20at%2017.59.39-1318x1814.png","1m2rOmQV770Qby+CmBnTRQ==":"6071182653-826x1169.jpg","rvao8v4cb9YxFFxTpajxvQ==":"template-1440x2080.jpg","aX0tRIAJ8KiPeRHVpVS+HA==":"ip-maris%20valuation%20certificate-1440x2080.jpg","8ZY26zJZKtrBgpHqgVgv3A==":"ip-maris%20valuation%20certificate-1440x2080.jpg","HxfEluCTCvlvQOPrC6Fu+Q==":"slide1-1440x2080.jpg","fSRMANW+oOlSlP/pkoSmyw==":"slide1-1-1440x2080.jpg","TGIM8QNJ4Rdf0lIP513Efw==":"valuation%20certificate-1440x2080.jpg","JTQkhaFMlEzpMJfuFXY5+g==":"screen%20shot%202022-08-29%20at%2013.54.25-1246x1772.png"}