{"pjVJPGXvCObaMNdDKsZOVw==":"photo_2022-10-07_10-35-51-121x121.jpg","CUuMGwZjfrucFpivW05L/A==":"oone.world%20verification%20package-1-1500x2167.png","qMW+fqR4nBxhNMx4vN+QeA==":"oone.world%20verification%20package-1-1456x2103.png","EXMyzhFIU0pW98mWqBVoRA==":"switchsales%20software%20verification%20certificate-1-1456x2103.png","/32OeRkenKnzNa4aaOTGuA==":"switchsales%20interface%20design%20verification%20certificate-1-1456x2103.png","bw5dsVh7AZbD753pxmvCOw==":"switchsales%20brand%20name%20&%20logo-1-1456x2103.png","z8T7voWsX/C5V7g1keL+Mg==":"switchsales%20brand%20name%20&%20logo-1-1500x2167.png","ZyVJc+DDw9Ti08m31pHgSg==":"switchsales%20interface%20design%20verification%20certificate-1-1500x2167.png","rEnFHINVgq+CQOwpRbL+IA==":"document-1500x2167.png","uZcq2pmnddcWHx1muRQpHw==":"document-1-1500x2167.png"}